Birth Rate,Business Tax Rate,CO2 Emissions,GDPperCapita,Above Threshold?,Birth Rate Bin,Country,Year,Days to Start Business,Ease of Business,Energy Usage,GDP,Health Exp % GDP,Health Exp/Capita,Hours to do Tax,Infant Mortality Rate,Internet Usage,Lending Interest,LifeExpectancyFemale,LifeExpectancyMale,Cell Phone Subscription Rate,Number of Records,Population 0-14,Population 15-64,Population 65+,Population Total,Population Urban,Region,Tourism Inbound,Tourism Outbound
2.10%,,"327,984",3694,Below Threshold,1.5-3%,Brazil,12/1/00,,,"187,442",$645B,7.20%,$265 ,,2.90%,0,56.80%,74,67,0.1,1,29.60%,64.90%,5.50%,"174,504,898",81.20%,The Americas,$2B,$5B
2.00%,,"337,434",3128,Below Threshold,1.5-3%,Brazil,12/1/01,,,"190,712",$554B,7.30%,$228 ,,2.70%,0,57.60%,74,67,0.2,1,29.10%,65.30%,5.60%,"176,968,205",81.60%,The Americas,$2B,$4B
2.00%,,"332,267",2811,Below Threshold,1.5-3%,Brazil,12/1/02,,,"195,759",$504B,7.20%,$203 ,,2.50%,0.1,62.90%,75,67,0.2,1,28.70%,65.50%,5.70%,"179,393,768",81.90%,The Americas,$2B,$3B
1.90%,,"321,622",3040,Below Threshold,1.5-3%,Brazil,12/1/03,152,,"198,976",$552B,7.00%,$214 ,,2.40%,0.1,67.10%,75,67,0.3,1,28.30%,65.80%,5.90%,"181,752,951",82.20%,The Americas,$3B,$3B
1.90%,,"337,826",3607,Below Threshold,1.5-3%,Brazil,12/1/04,152,,"210,042",$664B,7.10%,$257 ,,2.20%,0.2,54.90%,75,68,0.4,1,28.00%,66.00%,6.00%,"184,010,283",82.50%,The Americas,$3B,$4B
1.80%,69.00%,"347,309",4739,Below Threshold,1.5-3%,Brazil,12/1/05,152,,"215,332",$882B,8.20%,$387 ,"2,600",2.00%,0.2,55.40%,76,68,0.5,1,27.60%,66.30%,6.20%,"186,142,403",82.80%,The Americas,$4B,$6B
1.70%,69.00%,"347,668",5788,Below Threshold,1.5-3%,Brazil,12/1/06,149,,"222,818","$1,089B",8.50%,$491 ,"2,600",1.90%,0.3,50.80%,76,68,0.5,1,27.20%,66.50%,6.30%,"188,134,315",83.10%,The Americas,$5B,$8B
1.70%,69.00%,"363,213",7194,Below Threshold,1.5-3%,Brazil,12/1/07,149,,"235,460","$1,367B",8.50%,$609 ,"2,600",1.80%,0.3,43.70%,76,69,0.6,1,26.80%,66.80%,6.40%,"189,996,976",83.40%,The Americas,$5B,$10B
1.60%,68.40%,"387,675",8623,Below Threshold,1.5-3%,Brazil,12/1/08,149,,"248,594","$1,654B",8.30%,$714 ,"2,600",1.70%,0.3,47.30%,76,69,0.8,1,26.40%,67.10%,6.60%,"191,765,567",83.70%,The Americas,$6B,$13B
1.60%,65.60%,"367,147",8373,Below Threshold,1.5-3%,Brazil,12/1/09,119,,"240,464","$1,620B",8.80%,$733 ,"2,600",1.60%,0.4,44.70%,77,69,0.9,1,25.90%,67.30%,6.70%,"193,490,922",84.00%,The Americas,$6B,$13B
1.60%,66.30%,"419,754",10978,Below Threshold,1.5-3%,Brazil,12/1/10,119,,"265,887","$2,143B",9.00%,$989 ,"2,600",1.50%,0.4,40.00%,77,70,1,1,25.50%,67.60%,6.90%,"195,210,154",84.30%,The Americas,$6B,$19B
1.50%,66.30%,,12576,Below Threshold,1.5-3%,Brazil,12/1/11,119,,"270,028","$2,477B",8.90%,"$1,119 ","2,600",1.40%,0.5,43.90%,77,70,1.2,1,25.00%,67.90%,7.10%,"196,935,134",84.60%,The Americas,$7B,$25B
1.50%,68.50%,,11320,Below Threshold,1.5-3%,Brazil,12/1/12,119,118,,"$2,249B",9.30%,"$1,056 ","2,600",1.30%,0.5,36.60%,77,70,1.3,1,24.60%,68.10%,7.30%,"198,656,019",84.90%,The Americas,$7B,$26B
1.10%,,"534,484",24032,Below Threshold,Below 1.5%,Canada,12/1/00,,,"251,450",$739B,8.80%,"$2,090 ",,0.50%,0.5,7.30%,82,77,0.3,1,19.20%,68.30%,12.50%,"30,769,700",79.50%,The Americas,$13B,$15B
1.10%,,"525,690",23574,Below Threshold,Below 1.5%,Canada,12/1/01,,,"247,878",$733B,9.30%,"$2,152 ",,0.50%,0.6,5.80%,82,77,0.3,1,18.90%,68.50%,12.70%,"31,081,900",79.80%,The Americas,$13B,$15B
1.10%,,"519,163",23995,Below Threshold,Below 1.5%,Canada,12/1/02,,,"248,220",$753B,9.60%,"$2,254 ",,0.50%,0.6,4.20%,82,77,0.4,1,18.60%,68.70%,12.80%,"31,362,000",79.90%,The Americas,$13B,$14B
1.10%,,"553,185",28026,Below Threshold,Below 1.5%,Canada,12/1/03,3,,"262,038",$888B,9.80%,"$2,680 ",,0.50%,0.6,4.70%,82,77,0.4,1,18.30%,68.90%,12.90%,"31,676,000",80.00%,The Americas,$12B,$16B
1.10%,,"552,349",31830,Below Threshold,Below 1.5%,Canada,12/1/04,3,,"267,619","$1,018B",9.80%,"$3,047 ",,0.50%,0.7,4.00%,83,78,0.5,1,18.00%,69.10%,13.00%,"31,995,000",80.00%,The Americas,$15B,$19B
1.10%,47.50%,"563,072",36029,Below Threshold,Below 1.5%,Canada,12/1/05,3,,"272,206","$1,164B",9.80%,"$3,452 ",119,0.50%,0.7,4.40%,83,78,0.5,1,17.70%,69.20%,13.10%,"32,312,000",80.10%,The Americas,$16B,$23B
1.10%,45.00%,"550,233",40245,Below Threshold,Below 1.5%,Canada,12/1/06,3,,"268,302","$1,311B",10.00%,"$3,904 ",119,0.50%,0.7,5.80%,83,78,0.6,1,17.40%,69.40%,13.30%,"32,570,505",80.20%,The Americas,$17B,$26B
1.10%,44.30%,"560,802",44329,Below Threshold,Below 1.5%,Canada,12/1/07,3,,"271,728","$1,458B",10.00%,"$4,330 ",119,0.50%,0.7,6.10%,83,78,0.6,1,17.10%,69.50%,13.40%,"32,887,928",80.40%,The Americas,$18B,$31B
1.10%,44.10%,"544,975",46399,Below Threshold,Below 1.5%,Canada,12/1/08,5,,"264,724","$1,543B",10.30%,"$4,623 ",119,0.50%,0.8,4.70%,83,78,0.7,1,16.80%,69.50%,13.60%,"33,245,773",80.60%,The Americas,$18B,$34B
1.10%,42.30%,"513,937",40764,Below Threshold,Below 1.5%,Canada,12/1/09,5,,"251,326","$1,371B",11.40%,"$4,528 ",119,0.50%,0.8,2.40%,83,79,0.7,1,16.60%,69.50%,13.90%,"33,628,571",80.80%,The Americas,$16B,$30B
1.10%,27.70%,"499,137",47465,Below Threshold,Below 1.5%,Canada,12/1/10,5,,"250,992","$1,614B",11.40%,"$5,273 ",131,0.50%,0.8,2.60%,83,79,0.8,1,16.50%,69.40%,14.20%,"34,005,274",80.90%,The Americas,$18B,$37B
1.10%,26.10%,,51791,Below Threshold,Below 1.5%,Canada,12/1/11,5,,"251,845","$1,779B",10.90%,"$5,656 ",131,0.50%,0.8,3.00%,83,79,0.8,1,16.40%,69.10%,14.50%,"34,342,780",81.10%,The Americas,$20B,$41B
1.10%,24.60%,,52409,Below Threshold,Below 1.5%,Canada,12/1/12,5,17,"252,651","$1,821B",10.90%,"$5,741 ",131,0.50%,0.8,3.00%,83,79,0.8,1,16.40%,68.80%,14.80%,"34,754,312",81.30%,The Americas,$21B,$43B
1.40%,,"3,405,180",949,Below Threshold,Below 1.5%,China,12/1/00,,,"1,161,353","$1,198B",4.60%,$43 ,,3.00%,0,5.90%,74,71,0.1,1,25.60%,67.50%,6.90%,"1,262,645,000",35.90%,Asia,$17B,$14B
1.30%,,"3,487,566",1042,Below Threshold,Below 1.5%,China,12/1/01,,,"1,186,797","$1,325B",4.60%,$47 ,,2.80%,0,5.90%,74,71,0.1,1,24.60%,68.30%,7.00%,"1,271,850,000",37.10%,Asia,$19B,$15B
1.30%,,"3,694,242",1135,Below Threshold,Below 1.5%,China,12/1/02,,,"1,253,831","$1,454B",4.80%,$54 ,,2.60%,0,5.30%,74,72,0.2,1,23.60%,69.20%,7.20%,"1,280,400,000",38.40%,Asia,$22B,$17B
1.20%,,"4,525,177",1274,Below Threshold,Below 1.5%,China,12/1/03,48,,"1,427,554","$1,641B",4.80%,$61 ,,2.40%,0.1,5.30%,75,72,0.2,1,22.50%,70.20%,7.40%,"1,288,400,000",39.80%,Asia,$19B,$17B
1.20%,,"5,288,166",1490,Below Threshold,Below 1.5%,China,12/1/04,48,,"1,639,854","$1,932B",4.70%,$70 ,,2.20%,0.1,5.60%,75,73,0.3,1,21.40%,71.10%,7.50%,"1,296,075,000",41.10%,Asia,$28B,$21B
1.20%,80.00%,"5,790,017",1731,Below Threshold,Below 1.5%,China,12/1/05,48,,"1,775,677","$2,257B",4.70%,$80 ,832,2.00%,0.1,5.60%,75,73,0.3,1,20.50%,71.80%,7.70%,"1,303,720,000",42.50%,Asia,$32B,$25B
1.20%,80.70%,"6,414,463",2069,Below Threshold,Below 1.5%,China,12/1/06,35,,"1,938,944","$2,713B",4.60%,$93 ,832,1.90%,0.1,6.10%,76,73,0.3,1,19.80%,72.40%,7.80%,"1,311,020,000",43.90%,Asia,$37B,$28B
1.20%,81.20%,"6,791,805",2651,Below Threshold,Below 1.5%,China,12/1/07,35,,"2,044,606","$3,494B",4.40%,$113 ,832,1.70%,0.2,7.50%,76,73,0.4,1,19.20%,72.90%,7.90%,"1,317,885,000",45.20%,Asia,$41B,$33B
1.20%,79.90%,"7,035,444",3414,Below Threshold,Below 1.5%,China,12/1/08,41,,"2,120,814","$4,522B",4.60%,$155 ,464,1.60%,0.2,5.30%,76,73,0.5,1,18.70%,73.20%,8.10%,"1,324,655,000",46.50%,Asia,$44B,$41B
1.20%,63.80%,"7,692,211",3749,Below Threshold,Below 1.5%,China,12/1/09,38,,"2,286,137","$4,990B",5.10%,$189 ,464,1.50%,0.3,5.30%,76,73,0.6,1,18.40%,73.40%,8.20%,"1,331,260,000",47.90%,Asia,$43B,$47B
1.20%,63.50%,"8,286,892",4433,Below Threshold,Below 1.5%,China,12/1/10,38,,"2,516,731","$5,931B",5.00%,$216 ,358,1.40%,0.3,5.80%,76,74,0.6,1,18.10%,73.50%,8.40%,"1,337,705,000",49.20%,Asia,$50B,$60B
1.20%,63.50%,,5447,Below Threshold,Below 1.5%,China,12/1/11,38,,"2,727,728","$7,322B",5.10%,$274 ,358,1.30%,0.4,6.60%,76,74,0.7,1,18.00%,73.50%,8.50%,"1,344,130,000",50.60%,Asia,$53B,$79B
1.20%,63.70%,,6093,Below Threshold,Below 1.5%,China,12/1/12,33,99,,"$8,229B",5.40%,$322 ,338,1.20%,0.4,6.00%,77,74,0.8,1,18.00%,73.30%,8.70%,"1,350,695,000",51.90%,Asia,$55B,$110B
1.30%,,"365,560",21775,Below Threshold,Below 1.5%,France,12/1/00,,,"251,981","$1,326B",10.10%,"$2,209 ",,0.40%,0.1,6.70%,83,75,0.5,1,18.90%,65.00%,16.00%,"60,911,057",75.90%,Europe,$39B,$27B
1.30%,,"385,827",21812,Below Threshold,Below 1.5%,France,12/1/01,,,"260,565","$1,338B",10.20%,"$2,241 ",,0.40%,0.3,7.00%,83,76,0.6,1,18.80%,65.10%,16.10%,"61,355,725",76.10%,Europe,$38B,$27B
1.30%,,"380,840",23494,Below Threshold,Below 1.5%,France,12/1/02,,,"261,182","$1,452B",10.60%,"$2,497 ",,0.40%,0.3,6.60%,83,76,0.6,1,18.70%,65.10%,16.20%,"61,803,229",76.40%,Europe,$41B,$28B
1.30%,,"387,591",28794,Below Threshold,Below 1.5%,France,12/1/03,41,,"265,879","$1,792B",10.80%,"$3,137 ",,0.40%,0.4,6.60%,83,76,0.7,1,18.60%,65.10%,16.30%,"62,242,474",76.60%,Europe,$46B,$33B
1.30%,,"390,103",32785,Below Threshold,Below 1.5%,France,12/1/04,7,,"269,777","$2,056B",11.00%,"$3,620 ",,0.40%,0.4,6.60%,84,77,0.7,1,18.60%,65.10%,16.40%,"62,702,121",76.90%,Europe,$52B,$36B
1.30%,65.10%,"392,072",33819,Below Threshold,Below 1.5%,France,12/1/05,7,,"270,660","$2,137B",11.00%,"$3,750 ",132,0.40%,0.4,,84,77,0.8,1,18.50%,65.10%,16.40%,"63,176,246",77.10%,Europe,$52B,$39B
1.30%,65.00%,"382,582",35457,Below Threshold,Below 1.5%,France,12/1/06,7,,"266,793","$2,256B",11.00%,"$3,907 ",132,0.40%,0.5,,85,77,0.8,1,18.50%,65.10%,16.50%,"63,617,975",77.40%,Europe,$54B,$39B
1.30%,65.00%,"375,882",40342,Below Threshold,Below 1.5%,France,12/1/07,7,,"263,542","$2,582B",10.90%,"$4,413 ",132,0.40%,0.7,,85,78,0.9,1,18.40%,65.10%,16.50%,"64,012,572",77.60%,Europe,$64B,$46B
1.30%,64.50%,"372,564",43992,Below Threshold,Below 1.5%,France,12/1/08,7,,"264,803","$2,832B",11.00%,"$4,877 ",132,0.40%,0.7,,85,78,0.9,1,18.40%,65.10%,16.50%,"64,371,099",77.90%,Europe,$68B,$50B
1.30%,64.80%,"356,924",40488,Below Threshold,Below 1.5%,France,12/1/09,7,,"253,469","$2,620B",11.70%,"$4,776 ",132,0.40%,0.7,,85,78,0.9,1,18.40%,65.00%,16.60%,"64,702,921",78.10%,Europe,$59B,$46B
1.30%,64.80%,"361,273",39448,Below Threshold,Below 1.5%,France,12/1/10,7,,"261,157","$2,565B",11.70%,"$4,634 ",132,0.40%,0.8,,85,78,0.9,1,18.40%,64.80%,16.80%,"65,023,142",78.30%,Europe,$56B,$46B
1.30%,64.70%,,42578,Below Threshold,Below 1.5%,France,12/1/11,7,,"252,827","$2,782B",11.60%,"$4,968 ",132,0.40%,0.8,,86,79,0.9,1,18.30%,64.60%,17.10%,"65,343,588",78.60%,Europe,$66B,$54B
1.30%,64.70%,,39759,Below Threshold,Below 1.5%,France,12/1/12,7,35,"251,706","$2,611B",11.70%,"$4,690 ",132,0.40%,0.8,,86,79,1,1,18.30%,64.30%,17.50%,"65,676,758",78.80%,Europe,$64B,$47B
0.90%,,"829,978",22946,Below Threshold,Below 1.5%,Germany,12/1/00,,,"336,584","$1,886B",10.40%,"$2,387 ",,0.40%,0.3,9.60%,81,75,0.6,1,15.60%,68.10%,16.30%,"82,211,508",73.10%,Europe,$25B,$58B
0.90%,,"853,663",22840,Below Threshold,Below 1.5%,Germany,12/1/01,,,"346,679","$1,881B",10.50%,"$2,402 ",,0.40%,0.3,10.00%,81,76,0.7,1,15.40%,67.90%,16.80%,"82,349,925",73.10%,Europe,$24B,$57B
0.90%,,"828,771",24326,Below Threshold,Below 1.5%,Germany,12/1/02,,,"338,553","$2,007B",10.70%,"$2,610 ",,0.40%,0.5,9.70%,81,75,0.7,1,15.10%,67.60%,17.30%,"82,488,495",73.20%,Europe,$27B,$59B
0.90%,,"833,406",29367,Below Threshold,Below 1.5%,Germany,12/1/03,45,,"338,070","$2,424B",10.90%,"$3,206 ",,0.40%,0.6,,81,76,0.8,1,14.80%,67.30%,17.90%,"82,534,176",73.20%,Europe,$30B,$73B
0.90%,,"825,896",33040,Below Threshold,Below 1.5%,Germany,12/1/04,45,,"340,676","$2,726B",10.70%,"$3,524 ",,0.40%,0.6,,82,76,0.9,1,14.60%,67.00%,18.40%,"82,516,260",73.30%,Europe,$36B,$81B
0.80%,47.70%,"806,703",33543,Below Threshold,Below 1.5%,Germany,12/1/05,45,,"335,185","$2,766B",10.80%,"$3,624 ",196,0.40%,0.7,,82,76,0.9,1,14.30%,66.70%,18.90%,"82,469,422",73.40%,Europe,$41B,$85B
0.80%,47.40%,"808,860",35238,Below Threshold,Below 1.5%,Germany,12/1/06,24,,"340,492","$2,903B",10.60%,"$3,746 ",196,0.40%,0.7,,82,76,1,1,14.10%,66.50%,19.40%,"82,376,451",73.50%,Europe,$46B,$86B
0.80%,49.00%,"784,016",40403,Below Threshold,Below 1.5%,Germany,12/1/07,18,,"330,719","$3,324B",10.50%,"$4,231 ",196,0.40%,0.8,,82,77,1.2,1,13.90%,66.20%,19.80%,"82,266,372",73.70%,Europe,$49B,$97B
0.80%,49.40%,"783,359",44132,Below Threshold,Below 1.5%,Germany,12/1/08,18,,"334,634","$3,624B",10.70%,"$4,718 ",196,0.40%,0.8,,82,77,1.3,1,13.70%,66.00%,20.20%,"82,110,097",73.90%,Europe,$53B,$106B
0.80%,43.90%,"732,249",40270,Below Threshold,Below 1.5%,Germany,12/1/09,18,,"313,249","$3,298B",11.80%,"$4,727 ",196,0.40%,0.8,,83,77,1.3,1,13.60%,65.90%,20.60%,"81,902,307",74.10%,Europe,$47B,$93B
0.80%,47.00%,"745,384",40408,Below Threshold,Below 1.5%,Germany,12/1/10,15,,"329,769","$3,304B",11.50%,"$4,668 ",215,0.40%,0.8,,83,78,1.1,1,13.40%,65.80%,20.80%,"81,776,930",74.30%,Europe,$49B,$91B
0.80%,45.60%,,44355,Below Threshold,Below 1.5%,Germany,12/1/11,15,,"311,770","$3,628B",11.30%,"$4,996 ",221,0.30%,0.8,,83,78,1.1,1,13.30%,65.70%,21.00%,"81,797,673",74.50%,Europe,$53B,$100B
0.80%,45.90%,,42598,Below Threshold,Below 1.5%,Germany,12/1/12,15,19,"307,381","$3,426B",11.30%,"$4,683 ",207,0.30%,0.8,,83,79,1.1,1,13.20%,65.70%,21.10%,"80,425,823",74.70%,Europe,$52B,$96B
2.60%,,"1,186,663",457,Below Threshold,1.5-3%,India,12/1/00,,,"457,198",$477B,4.30%,$20 ,,6.70%,0,12.30%,63,61,0,1,34.20%,61.40%,4.40%,"1,042,261,758",27.70%,Asia,$4B,$4B
2.50%,,"1,203,843",466,Below Threshold,1.5-3%,India,12/1/01,,,"464,501",$494B,4.50%,$21 ,,6.40%,0,12.10%,64,61,0,1,33.80%,61.70%,4.40%,"1,059,500,888",27.90%,Asia,$3B,$4B
2.50%,,"1,226,791",487,Below Threshold,1.5-3%,India,12/1/02,,,"477,540",$524B,4.40%,$21 ,,6.20%,0,11.90%,64,62,0,1,33.40%,62.10%,4.50%,"1,076,705,723",28.20%,Asia,$3B,$4B
2.40%,,"1,281,914",565,Below Threshold,1.5-3%,India,12/1/03,89,,"489,507",$618B,4.30%,$24 ,,6.00%,0,11.50%,65,62,0,1,33.00%,62.40%,4.60%,"1,093,786,762",28.60%,Asia,$5B,$4B
2.40%,,"1,348,525",650,Below Threshold,1.5-3%,India,12/1/04,89,,"519,165",$722B,4.50%,$29 ,,5.80%,0,10.90%,65,62,0,1,32.60%,62.70%,4.60%,"1,110,626,108",28.90%,Asia,$6B,$6B
2.30%,66.60%,"1,411,128",740,Below Threshold,1.5-3%,India,12/1/05,71,,"539,388",$834B,4.20%,$32 ,264,5.60%,0,10.80%,66,63,0.1,1,32.20%,63.10%,4.70%,"1,127,143,548",29.20%,Asia,$8B,$8B
2.30%,74.00%,"1,504,365",830,Below Threshold,1.5-3%,India,12/1/06,35,,"567,182",$949B,4.00%,$33 ,264,5.40%,0,11.20%,66,63,0.1,1,31.80%,63.40%,4.80%,"1,143,289,350",29.60%,Asia,$9B,$9B
2.20%,72.70%,"1,611,404",1069,Below Threshold,1.5-3%,India,12/1/07,33,,"604,659","$1,239B",3.90%,$40 ,271,5.20%,0,13.00%,66,63,0.2,1,31.40%,63.80%,4.90%,"1,159,095,250",29.90%,Asia,$11B,$11B
2.20%,70.30%,"1,811,289",1042,Below Threshold,1.5-3%,India,12/1/08,30,,"632,956","$1,224B",3.90%,$43 ,271,5.00%,0,13.30%,67,63,0.3,1,31.00%,64.10%,4.90%,"1,174,662,334",30.20%,Asia,$12B,$12B
2.20%,66.00%,"1,982,263",1147,Below Threshold,1.5-3%,India,12/1/09,30,,"698,360","$1,365B",3.90%,$44 ,271,4.80%,0.1,12.20%,67,64,0.4,1,30.60%,64.40%,5.00%,"1,190,138,069",30.60%,Asia,$11B,$9B
2.10%,64.90%,"2,008,823",1417,Below Threshold,1.5-3%,India,12/1/10,29,,"723,743","$1,708B",3.70%,$52 ,258,4.60%,0.1,8.30%,67,64,0.6,1,30.20%,64.80%,5.10%,"1,205,624,648",30.90%,Asia,$14B,$10B
2.10%,62.90%,,1540,Below Threshold,1.5-3%,India,12/1/11,29,,"749,447","$1,880B",3.90%,$62 ,254,4.50%,0.1,10.20%,68,64,0.7,1,29.80%,65.10%,5.10%,"1,221,156,319",31.30%,Asia,$18B,$14B
2.10%,62.80%,,1503,Below Threshold,1.5-3%,India,12/1/12,27,131,,"$1,859B",4.00%,$61 ,243,4.30%,0.1,10.60%,68,65,0.7,1,29.40%,65.40%,5.20%,"1,236,686,732",31.60%,Asia,$18B,$14B
3.60%,,"72,445",,Below Threshold,Above 3%,Iraq,12/1/00,,,"25,937",,0.80%,$7 ,,3.60%,,,73,69,,1,42.80%,53.70%,3.50%,"23,801,156",68.50%,Middle East,$0B,$0B
3.60%,,"85,342",,Below Threshold,Above 3%,Iraq,12/1/01,,,"26,935",,1.10%,$8 ,,3.50%,0,,73,69,,1,42.60%,53.90%,3.50%,"24,516,842",68.60%,Middle East,$0B,$0B
3.50%,,"87,260",,Below Threshold,Above 3%,Iraq,12/1/02,,,"27,981",,1.40%,$9 ,,3.50%,0,,73,68,0,1,42.40%,54.10%,3.50%,"25,238,267",68.60%,Middle East,$0B,$0B
3.50%,,"91,118",,Below Threshold,Above 3%,Iraq,12/1/03,,,"27,086",,4.40%,$16 ,,3.40%,0,,73,68,0,1,42.20%,54.30%,3.50%,"25,959,531",68.70%,Middle East,,
3.50%,,"114,084",1373,Below Threshold,Above 3%,Iraq,12/1/04,77,,"26,901",$37B,5.60%,$55 ,,3.40%,0,12.90%,72,67,0,1,42.10%,54.50%,3.50%,"26,673,536",68.70%,Middle East,,
3.40%,24.20%,"114,770",1825,Below Threshold,Above 3%,Iraq,12/1/05,32,,"26,866",$50B,4.10%,$55 ,312,3.30%,0,13.70%,72,67,0.1,1,41.90%,54.60%,3.50%,"27,377,045",68.80%,Middle East,$0B,$1B
3.40%,27.80%,"99,544",2321,Below Threshold,Above 3%,Iraq,12/1/06,32,,"21,503",$65B,3.00%,$58 ,312,3.30%,0,14.50%,72,66,0.3,1,41.80%,54.70%,3.40%,"28,064,095",68.80%,Middle East,$0B,$1B
3.40%,27.80%,"62,834",3091,Below Threshold,Above 3%,Iraq,12/1/07,32,,"23,696",$89B,3.70%,$95 ,312,3.20%,0,19.50%,72,66,0.5,1,41.70%,54.80%,3.40%,"28,740,630",68.90%,Middle East,$1B,$1B
3.30%,27.80%,"94,444",4472,Below Threshold,Above 3%,Iraq,12/1/08,32,,"28,806",$132B,3.90%,$142 ,312,3.10%,0,19.50%,72,65,0.6,1,41.60%,54.90%,3.40%,"29,429,829",68.90%,Middle East,$1B,$1B
3.30%,27.80%,"106,651",3702,Below Threshold,Above 3%,Iraq,12/1/09,32,,"32,846",$112B,4.60%,$143 ,312,3.10%,0,15.60%,72,65,0.7,1,41.50%,55.10%,3.40%,"30,163,199",69.00%,Middle East,$1B,$1B
3.20%,27.80%,"114,667",4613,Below Threshold,Above 3%,Iraq,12/1/10,32,,"37,845",$143B,3.10%,$141 ,312,3.00%,0,13.30%,73,65,0.8,1,41.20%,55.40%,3.40%,"30,962,380",69.00%,Middle East,$2B,$2B
3.20%,27.80%,,6019,Below Threshold,Above 3%,Iraq,12/1/11,32,,"40,220",$191B,2.70%,$160 ,312,2.90%,0.1,13.60%,73,65,0.8,1,40.90%,55.80%,3.30%,"31,760,020",69.10%,Middle East,$2B,$2B
3.10%,27.80%,,6625,Below Threshold,Above 3%,Iraq,12/1/12,29,155,,$216B,3.60%,$226 ,312,2.90%,0.1,13.00%,73,66,0.8,1,40.50%,56.20%,3.30%,"32,578,209",69.20%,Middle East,$2B,$2B
0.90%,,"1,219,589",37292,Below Threshold,Below 1.5%,Japan,12/1/00,,,"518,964","$4,731B",7.60%,"$2,834 ",,0.30%,0.3,2.10%,85,78,0.5,1,14.60%,68.20%,17.20%,"126,870,000",78.60%,Asia,$6B,$43B
0.90%,,"1,202,266",32716,Below Threshold,Below 1.5%,Japan,12/1/01,,,"510,791","$4,160B",7.80%,"$2,554 ",,0.30%,0.4,2.00%,85,78,0.6,1,14.40%,67.90%,17.70%,"127,149,000",80.00%,Asia,$6B,$36B
0.90%,,"1,216,751",31236,Below Threshold,Below 1.5%,Japan,12/1/02,,,"510,390","$3,981B",7.90%,"$2,455 ",,0.30%,0.5,1.90%,85,78,0.6,1,14.20%,67.50%,18.20%,"127,445,000",81.60%,Asia,$6B,$35B
0.90%,,"1,237,429",33691,Below Threshold,Below 1.5%,Japan,12/1/03,31,,"506,237","$4,303B",8.00%,"$2,693 ",,0.30%,0.5,1.80%,85,78,0.7,1,14.10%,67.20%,18.80%,"127,718,000",83.20%,Asia,$11B,$37B
0.90%,,"1,259,655",36442,Below Threshold,Below 1.5%,Japan,12/1/04,31,,"522,488","$4,656B",8.00%,"$2,914 ",,0.30%,0.6,1.80%,86,79,0.7,1,13.90%,66.80%,19.30%,"127,761,000",84.60%,Asia,$14B,$48B
0.80%,52.50%,"1,238,181",35781,Below Threshold,Below 1.5%,Japan,12/1/05,30,,"520,541","$4,572B",8.20%,"$2,928 ",315,0.30%,0.7,1.70%,85,79,0.8,1,13.80%,66.30%,19.80%,"127,773,000",86.00%,Asia,$16B,$48B
0.90%,52.50%,"1,231,302",34102,Below Threshold,Below 1.5%,Japan,12/1/06,22,,"519,807","$4,357B",8.20%,"$2,794 ",350,0.30%,0.7,1.70%,86,79,0.8,1,13.70%,65.90%,20.40%,"127,756,000",87.10%,Asia,$11B,$38B
0.90%,52.50%,"1,251,136",34095,Below Threshold,Below 1.5%,Japan,12/1/07,22,,"515,198","$4,356B",8.20%,"$2,801 ",350,0.30%,0.7,1.90%,86,79,0.8,1,13.60%,65.40%,21.00%,"127,770,750",88.00%,Asia,$12B,$37B
0.90%,55.00%,"1,206,916",37972,Below Threshold,Below 1.5%,Japan,12/1/08,22,,"495,352","$4,849B",8.60%,"$3,259 ",355,0.30%,0.8,1.90%,86,79,0.9,1,13.50%,64.90%,21.60%,"127,704,040",88.90%,Asia,$14B,$39B
0.90%,55.30%,"1,100,650",39473,Below Threshold,Below 1.5%,Japan,12/1/09,22,,"472,174","$5,035B",9.50%,"$3,746 ",355,0.20%,0.8,1.70%,86,80,0.9,1,13.40%,64.30%,22.30%,"127,557,958",89.70%,Asia,$13B,$35B
0.90%,47.60%,"1,170,715",43118,Below Threshold,Below 1.5%,Japan,12/1/10,22,,"499,092","$5,495B",9.60%,"$4,115 ",355,0.20%,0.8,1.60%,86,80,1,1,13.30%,63.80%,23.00%,"127,450,459",90.50%,Asia,$15B,$39B
0.80%,48.40%,,46204,Below Threshold,Below 1.5%,Japan,12/1/11,22,,"461,468","$5,906B",10.00%,"$4,641 ",330,0.20%,0.8,1.50%,86,79,1,1,13.20%,63.10%,23.70%,"127,817,277",91.20%,Asia,$13B,$40B
0.80%,49.40%,,46548,Below Threshold,Below 1.5%,Japan,12/1/12,22,23,"451,501","$5,938B",10.10%,"$4,752 ",330,0.20%,0.9,1.40%,86,80,1.1,1,13.10%,62.50%,24.40%,"127,561,489",91.90%,Asia,$16B,$41B
0.90%,,"1,558,112",1772,Below Threshold,Below 1.5%,Russian Federation,12/1/00,,,"619,265",$260B,5.40%,$96 ,,2.00%,0,24.40%,72,59,0,1,18.20%,69.40%,12.40%,"146,596,870",73.40%,Europe,$3B,$9B
0.90%,,"1,558,013",2100,Below Threshold,Below 1.5%,Russian Federation,12/1/01,,,"626,014",$307B,5.70%,$119 ,,1.90%,0,17.90%,72,59,0.1,1,17.50%,69.80%,12.70%,"145,976,473",73.30%,Europe,$5B,$10B
1.00%,,"1,557,665",2373,Below Threshold,Below 1.5%,Russian Federation,12/1/02,,,"623,098",$345B,6.00%,$142 ,,1.80%,0,15.70%,72,59,0.1,1,16.80%,70.20%,13.00%,"145,408,033",73.30%,Europe,$5B,$11B
1.00%,,"1,604,973",2975,Below Threshold,Below 1.5%,Russian Federation,12/1/03,43,,"645,323",$430B,5.60%,$167 ,,1.70%,0.1,13.00%,72,59,0.2,1,16.20%,70.50%,13.40%,"144,667,468",73.40%,Europe,$6B,$13B
1.00%,,"1,602,963",4109,Below Threshold,Below 1.5%,Russian Federation,12/1/04,30,,"647,392",$591B,5.20%,$212 ,,1.50%,0.1,11.40%,72,59,0.5,1,15.60%,70.70%,13.60%,"143,821,212",73.40%,Europe,$7B,$16B
1.00%,60.00%,"1,615,688",5338,Below Threshold,Below 1.5%,Russian Federation,12/1/05,29,,"651,712",$764B,5.20%,$277 ,448,1.40%,0.2,10.70%,72,59,0.8,1,15.20%,71.00%,13.80%,"143,113,885",73.50%,Europe,$8B,$18B
1.00%,51.20%,"1,669,618",6948,Below Threshold,Below 1.5%,Russian Federation,12/1/06,29,,"670,673",$990B,5.30%,$365 ,448,1.30%,0.2,10.40%,73,60,1,1,14.90%,71.30%,13.80%,"142,487,260",73.50%,Europe,$10B,$19B
1.10%,51.20%,"1,667,598",9145,Below Threshold,Below 1.5%,Russian Federation,12/1/07,29,,"672,591","$1,300B",5.40%,$487 ,448,1.20%,0.2,10.00%,74,61,1.2,1,14.70%,71.60%,13.70%,"142,114,903",73.60%,Europe,$12B,$23B
1.20%,48.30%,"1,715,639",11700,Below Threshold,Below 1.5%,Russian Federation,12/1/08,29,,"688,483","$1,661B",5.10%,$594 ,448,1.20%,0.3,12.20%,74,62,1.4,1,14.70%,71.80%,13.50%,"141,956,409",73.60%,Europe,$16B,$26B
1.20%,48.30%,"1,574,368",8616,Below Threshold,Below 1.5%,Russian Federation,12/1/09,29,,"646,915","$1,223B",6.20%,$525 ,320,1.10%,0.3,15.30%,75,63,1.6,1,14.80%,72.00%,13.30%,"141,909,244",73.60%,Europe,$12B,$24B
1.30%,46.50%,"1,740,776",10710,Below Threshold,Below 1.5%,Russian Federation,12/1/10,29,,"702,292","$1,525B",6.30%,$669 ,320,1.00%,0.4,10.80%,75,63,1.7,1,14.90%,72.00%,13.10%,"142,385,523",73.70%,Europe,$13B,$30B
1.30%,46.90%,,13324,Below Threshold,Below 1.5%,Russian Federation,12/1/11,29,,"730,970","$1,905B",6.10%,$803 ,290,1.00%,0.5,8.50%,76,64,1.4,1,15.10%,71.80%,13.00%,"142,956,460",73.70%,Europe,$17B,$37B
1.30%,54.10%,,14091,Below Threshold,Below 1.5%,Russian Federation,12/1/12,18,111,,"$2,017B",6.30%,$887 ,177,0.90%,0.6,9.10%,76,65,1.5,1,15.40%,71.60%,13.00%,"143,178,000",73.80%,Europe,$18B,$48B
1.10%,,"39,050",35639,Below Threshold,Below 1.5%,Switzerland,12/1/00,,,"25,005",$256B,9.90%,"$3,541 ",,0.50%,0.5,4.30%,83,77,0.6,1,17.40%,67.30%,15.30%,"7,184,250",73.30%,Europe,$9B,$7B
1.00%,,"42,963",36328,Below Threshold,Below 1.5%,Switzerland,12/1/01,,,"26,557",$263B,10.30%,"$3,748 ",,0.50%,0.6,4.30%,83,77,0.7,1,17.30%,67.30%,15.40%,"7,229,854",73.30%,Europe,$9B,$7B
1.00%,,"40,718",39350,Below Threshold,Below 1.5%,Switzerland,12/1/02,,,"25,888",$287B,10.60%,"$4,190 ",,0.50%,0.6,3.90%,83,78,0.8,1,17.10%,67.50%,15.50%,"7,284,753",73.40%,Europe,$9B,$7B
1.00%,,"40,205",45589,Below Threshold,Below 1.5%,Switzerland,12/1/03,20,,"25,996",$335B,10.90%,"$5,002 ",,0.40%,0.7,3.30%,83,78,0.8,1,16.80%,67.60%,15.60%,"7,339,001",73.40%,Europe,$10B,$9B
1.00%,,"40,392",50642,Below Threshold,Below 1.5%,Switzerland,12/1/04,18,,"26,090",$374B,11.00%,"$5,570 ",,0.40%,0.7,3.20%,84,79,0.9,1,16.60%,67.80%,15.70%,"7,389,625",73.40%,Europe,$11B,$10B
1.00%,28.80%,"41,375",51734,Below Threshold,Below 1.5%,Switzerland,12/1/05,18,,"25,941",$385B,10.90%,"$5,637 ",63,0.40%,0.7,3.10%,84,79,0.9,1,16.30%,67.90%,15.80%,"7,437,115",73.50%,Europe,$12B,$11B
1.00%,27.60%,"41,877",54140,Below Threshold,Below 1.5%,Switzerland,12/1/06,18,,"27,084",$405B,10.40%,"$5,643 ",63,0.40%,0.8,3.00%,84,79,1,1,16.00%,68.00%,16.00%,"7,483,934",73.50%,Europe,$13B,$11B
1.00%,27.90%,"38,019",59664,Below Threshold,Below 1.5%,Switzerland,12/1/07,18,,"25,760",$451B,10.20%,"$6,126 ",63,0.40%,0.8,3.20%,84,79,1.1,1,15.70%,68.10%,16.20%,"7,551,117",73.60%,Europe,$15B,$12B
1.00%,27.80%,"40,392",68555,Below Threshold,Below 1.5%,Switzerland,12/1/08,18,,"26,773",$524B,10.30%,"$7,104 ",63,0.40%,0.8,3.30%,84,80,1.2,1,15.50%,68.10%,16.40%,"7,647,675",73.60%,Europe,$18B,$13B
1.00%,28.70%,"41,598",65790,Below Threshold,Below 1.5%,Switzerland,12/1/09,18,,"26,968",$509B,11.00%,"$7,277 ",63,0.40%,0.8,2.80%,84,80,1.2,1,15.20%,68.10%,16.70%,"7,743,831",73.60%,Europe,$17B,$13B
1.00%,28.80%,"38,757",70174,Below Threshold,Below 1.5%,Switzerland,12/1/10,18,,"26,199",$549B,10.90%,"$7,697 ",63,0.40%,0.8,2.70%,85,80,1.2,1,15.10%,68.00%,16.90%,"7,824,909",73.70%,Europe,$18B,$14B
1.00%,28.90%,,83270,Below Threshold,Below 1.5%,Switzerland,12/1/11,18,,"25,375",$659B,11.00%,"$9,248 ",63,0.40%,0.9,2.70%,85,81,1.3,1,14.90%,67.90%,17.20%,"7,912,398",73.70%,Europe,$21B,$17B
1.00%,29.10%,,78929,Below Threshold,Below 1.5%,Switzerland,12/1/12,18,27,"25,500",$631B,11.30%,"$8,980 ",63,0.40%,0.9,2.70%,85,81,1.3,1,14.80%,67.80%,17.40%,"7,996,861",73.70%,Europe,$19B,$17B
1.40%,,"5,713,560",36467,Below Threshold,Below 1.5%,United States,12/1/00,,,"2,273,332","$10,290B",13.60%,"$4,790 ",,0.70%,0.4,9.20%,79,74,0.4,1,21.30%,66.30%,12.40%,"282,162,411",79.10%,The Americas,$121B,$91B
1.40%,,"5,601,405",37286,Above Threshold,Below 1.5%,United States,12/1/01,,,"2,230,817","$10,625B",14.20%,"$5,138 ",,0.70%,0.5,6.90%,79,74,0.4,1,21.20%,66.50%,12.30%,"284,968,955",79.20%,The Americas,$109B,$86B
1.40%,,"5,650,950",38175,Above Threshold,Below 1.5%,United States,12/1/02,,,"2,255,957","$10,980B",15.10%,"$5,578 ",,0.70%,0.6,4.70%,80,74,0.5,1,21.00%,66.70%,12.30%,"287,625,193",79.40%,The Americas,$104B,$82B
1.40%,,"5,681,664",39682,Above Threshold,Below 1.5%,United States,12/1/03,6,,"2,261,151","$11,512B",15.60%,"$5,993 ",,0.70%,0.6,4.10%,80,75,0.5,1,20.90%,66.90%,12.30%,"290,107,933",79.60%,The Americas,$102B,$82B
1.40%,,"5,790,765",41929,Above Threshold,Below 1.5%,United States,12/1/04,6,,"2,307,819","$12,277B",15.70%,"$6,355 ",,0.70%,0.6,4.30%,80,75,0.6,1,20.70%,67.00%,12.30%,"292,805,298",79.80%,The Americas,$116B,$95B
1.40%,45.80%,"5,826,394",44314,Above Threshold,Below 1.5%,United States,12/1/05,6,,"2,318,861","$13,095B",15.80%,"$6,732 ",325,0.70%,0.7,6.20%,80,75,0.7,1,20.50%,67.10%,12.30%,"295,516,599",79.90%,The Americas,$127B,$100B
1.40%,47.40%,"5,737,616",46444,Above Threshold,Below 1.5%,United States,12/1/06,6,,"2,296,686","$13,858B",15.90%,"$7,110 ",325,0.70%,0.7,8.00%,80,75,0.8,1,20.40%,67.20%,12.40%,"298,379,912",80.10%,The Americas,$133B,$105B
1.40%,46.10%,"5,828,697",48070,Above Threshold,Below 1.5%,United States,12/1/07,6,,"2,337,014","$14,480B",16.10%,"$7,486 ",325,0.70%,0.8,8.10%,80,75,0.8,1,20.20%,67.30%,12.50%,"301,231,207",80.30%,The Americas,$149B,$111B
1.40%,46.40%,"5,656,839",48407,Above Threshold,Below 1.5%,United States,12/1/08,5,,"2,277,034","$14,720B",16.50%,"$7,769 ",187,0.70%,0.7,5.10%,81,76,0.9,1,20.10%,67.30%,12.70%,"304,093,966",80.40%,The Americas,$171B,$119B
1.40%,46.10%,"5,311,840",46999,Above Threshold,Below 1.5%,United States,12/1/09,5,,"2,164,458","$14,418B",17.70%,"$8,009 ",187,0.60%,0.7,3.30%,81,76,0.9,1,20.00%,67.20%,12.80%,"306,771,529",80.60%,The Americas,$150B,$106B
1.30%,46.50%,"5,433,057",48358,Above Threshold,Below 1.5%,United States,12/1/10,5,,"2,215,504","$14,958B",17.70%,"$8,254 ",187,0.60%,0.7,3.30%,81,76,0.9,1,19.80%,67.10%,13.10%,"309,326,295",80.80%,The Americas,$165B,$110B
1.30%,46.50%,,49855,Above Threshold,Below 1.5%,United States,12/1/11,5,,"2,191,193","$15,534B",17.70%,"$8,467 ",187,0.60%,0.7,3.30%,81,76,0.9,1,19.70%,66.90%,13.30%,"311,582,564",80.90%,The Americas,$185B,$117B
1.30%,46.40%,,51755,Above Threshold,Below 1.5%,United States,12/1/12,5,4,"2,132,446","$16,245B",17.90%,"$8,895 ",175,0.60%,0.8,3.30%,81,76,1,1,19.60%,66.70%,13.60%,"313,873,685",81.10%,The Americas,$200B,$127B
3.20%,,"13,887",535,Below Threshold,Above 3%,Zimbabwe,12/1/00,,,"9,865",$7B,,,,6.10%,0,68.20%,44,44,0,1,42.20%,54.50%,3.40%,"12,503,652",33.80%,Africa,$0B,
3.20%,,"12,563",538,Below Threshold,Above 3%,Zimbabwe,12/1/01,,,"9,690",$7B,,,,6.00%,0,38.00%,43,43,0,1,41.90%,54.70%,3.40%,"12,586,763",34.20%,Africa,$0B,
3.20%,,"11,932",502,Below Threshold,Above 3%,Zimbabwe,12/1/02,,,"9,692",$6B,,,,5.90%,0,36.50%,43,43,0,1,41.70%,54.80%,3.50%,"12,640,922",34.60%,Africa,$0B,
3.20%,,"10,627",452,Below Threshold,Above 3%,Zimbabwe,12/1/03,97,,"9,500",$6B,,,,5.80%,0.1,97.30%,42,43,0,1,41.60%,54.90%,3.50%,"12,673,103",34.50%,Africa,$0B,
3.20%,,"9,927",457,Below Threshold,Above 3%,Zimbabwe,12/1/04,97,,"9,269",$6B,,,,5.80%,0.1,278.90%,43,44,0,1,41.50%,54.90%,3.60%,"12,693,047",34.30%,Africa,$0B,
3.20%,32.30%,"10,774",453,Below Threshold,Above 3%,Zimbabwe,12/1/05,97,,"9,685",$6B,,,216,5.70%,0.1,235.70%,43,44,0.1,1,41.50%,54.80%,3.70%,"12,710,589",34.10%,Africa,$0B,
3.20%,32.30%,"10,345",428,Below Threshold,Above 3%,Zimbabwe,12/1/06,97,,"9,714",$5B,,,216,5.70%,0.1,496.50%,44,46,0.1,1,41.50%,54.80%,3.80%,"12,724,308",33.90%,Africa,$0B,
3.20%,51.40%,"10,213",415,Below Threshold,Above 3%,Zimbabwe,12/1/07,97,,"9,438",$5B,,,256,5.80%,0.1,,46,47,0.1,1,41.50%,54.60%,3.80%,"12,740,160",33.70%,Africa,$0B,
3.20%,68.40%,"8,148",345,Below Threshold,Above 3%,Zimbabwe,12/1/08,97,,"8,678",$4B,,,256,5.80%,0.1,,49,49,0.1,1,41.60%,54.50%,3.90%,"12,784,041",33.60%,Africa,$0B,
3.20%,38.20%,"8,735",633,Below Threshold,Above 3%,Zimbabwe,12/1/09,97,,"8,747",$8B,,,270,5.90%,0.1,,51,51,0.3,1,41.50%,54.60%,4.00%,"12,888,918",33.40%,Africa,$1B,
3.20%,39.10%,"9,428",723,Below Threshold,Above 3%,Zimbabwe,12/1/10,90,,"9,000",$9B,,,242,5.90%,0.1,,54,53,0.6,1,41.20%,54.80%,4.00%,"13,076,978",33.20%,Africa,$1B,
3.20%,34.30%,,820,Below Threshold,Above 3%,Zimbabwe,12/1/11,90,,"9,312",$11B,,,242,5.80%,0.2,,56,55,0.7,1,40.80%,55.20%,4.00%,"13,358,738",33.00%,Africa,$1B,
3.20%,34.50%,,909,Below Threshold,Above 3%,Zimbabwe,12/1/12,90,168,,$12B,,,242,5.50%,0.2,,59,57,0.9,1,40.20%,55.80%,3.90%,"13,724,317",32.80%,Africa,$1B,